{
  "antlr4-hl-20-21": {
    "source_hash": "cd573c8c425bbb24c3bbd88306675572",
    "last_processed": 1754215263.174459,
    "files_processed": 176,
    "graphml_files": 72
  },
  "antlr4-hl-22-23": {
    "source_hash": "6427e760707197962f39ab1afa4de979",
    "last_processed": 1754215277.5662138,
    "files_processed": 402,
    "graphml_files": 63
  },
  "antlr4-hl-24-25": {
    "source_hash": "5304e0c4f760b19d6378462a713009dd",
    "last_processed": 1754215283.351546,
    "files_processed": 136,
    "graphml_files": 26
  },
  "commons-lang-hl-20-21": {
    "source_hash": "b896977e0eead9bf2224ee13f29e8661",
    "last_processed": 1754215290.333375,
    "files_processed": 717,
    "graphml_files": 68
  },
  "commons-lang-hl-22-23": {
    "source_hash": "04f16987078c346852c44a0e22646669",
    "last_processed": 1754215299.5090141,
    "files_processed": 665,
    "graphml_files": 77
  },
  "commons-lang-hl-24-25": {
    "source_hash": "a2483eb708f0047d1d0494844c5e601a",
    "last_processed": 1754215307.373518,
    "files_processed": 471,
    "graphml_files": 64
  },
  "db-jdo-hl-20-21": {
    "source_hash": "c0d2e5f4a9a4554a3a71050e9b2b87d3",
    "last_processed": 1754215320.640318,
    "files_processed": 121,
    "graphml_files": 40
  },
  "db-jdo-hl-22-23": {
    "source_hash": "3e50087feb297c68b318e52803cf8ad6",
    "last_processed": 1754215333.1882482,
    "files_processed": 111,
    "graphml_files": 37
  },
  "db-jdo-hl-24-25": {
    "source_hash": "35f86610ae31d10b1a409b5a4472ceb8",
    "last_processed": 1754215336.811569,
    "files_processed": 28,
    "graphml_files": 12
  },
  "dubbo-hl-20-21": {
    "source_hash": "9bcfeb97798dcdee281cc6d6a7de3179",
    "last_processed": 1754215372.131329,
    "files_processed": 793,
    "graphml_files": 49
  },
  "dubbo-hl-22-23": {
    "source_hash": "2b322377a230eb86bf1cdc74f9bd8790",
    "last_processed": 1754215417.715018,
    "files_processed": 448,
    "graphml_files": 40
  },
  "kafka-hl-20-21": {
    "source_hash": "9da20f39d8ec75a756815e13d4943a83",
    "last_processed": 1754215513.209997,
    "files_processed": 683,
    "graphml_files": 37
  },
  "kafka-hl-22-23": {
    "source_hash": "1abe5f1de351cd6c2aefbdb248888283",
    "last_processed": 1754215590.992314,
    "files_processed": 411,
    "graphml_files": 26
  },
  "kafka-hl-24-25": {
    "source_hash": "3db039545a4730c0a97d6ee2f30fa896",
    "last_processed": 1754215621.521544,
    "files_processed": 120,
    "graphml_files": 14
  },
  "openjpa-hl-20-21": {
    "source_hash": "1daf276896f6f0be2a4b6b11f3084c48",
    "last_processed": 1754215661.704621,
    "files_processed": 376,
    "graphml_files": 26
  },
  "openjpa-hl-22-23": {
    "source_hash": "b79d23d12abd6e2cf3cfdc1c88911dec",
    "last_processed": 1754215709.245045,
    "files_processed": 293,
    "graphml_files": 20
  },
  "openjpa-hl-24-25": {
    "source_hash": "75a8af5aa5605ab42641e75e5b3ff011",
    "last_processed": 1754215754.078143,
    "files_processed": 188,
    "graphml_files": 16
  },
  "opennlp-hl-20-21": {
    "source_hash": "ed802408e19226e812cff40b3fb68d55",
    "last_processed": 1754215771.742215,
    "files_processed": 154,
    "graphml_files": 22
  },
  "opennlp-hl-22-23": {
    "source_hash": "61461dcd5492ebfc8ed2aeffe0311d7a",
    "last_processed": 1754215809.6691551,
    "files_processed": 398,
    "graphml_files": 47
  },
  "opennlp-hl-24-25": {
    "source_hash": "638023ec0a3602fa9b919aa5d0ed9d80",
    "last_processed": 1754215839.71664,
    "files_processed": 443,
    "graphml_files": 46
  },
  "ozone-hl-20-21": {
    "source_hash": "89be6a58c69c95caf98efa5b4552bf48",
    "last_processed": 1754215955.7275038,
    "files_processed": 811,
    "graphml_files": 53
  },
  "ozone-hl-22-23": {
    "source_hash": "2ad2b99f357513a36adbf11bc8c42f85",
    "last_processed": 1754216010.850621,
    "files_processed": 720,
    "graphml_files": 38
  },
  "ozone-hl-24-25": {
    "source_hash": "c55c763698f09af78b602c4e170e9a5f",
    "last_processed": 1754216061.112494,
    "files_processed": 547,
    "graphml_files": 27
  }
}