{
  "summary": {
    "num_episodes": 100,
    "success_rate": 0.22,
    "avg_episode_reward": -0.7409730951276176,
    "std_episode_reward": 1.0601615287515413,
    "avg_hub_improvement": 0.0007038095234350525,
    "std_hub_improvement": 0.004999468843477294,
    "avg_episode_length": 2.59,
    "discriminator_improvement": -0.0014230555295944303,
    "avg_discriminator_score_before": 0.7072514414787292,
    "avg_discriminator_score_after": 0.7086744970083236
  },
  "detailed_metrics": {
    "episode_rewards": [
      -1.005,
      -1.005,
      -1.005,
      -1.005,
      -1.005,
      -1.005,
      -1.005,
      -1.005,
      -1.005,
      -1.005,
      -1.0373428201675414,
      -1.005,
      -1.005,
      -1.005,
      -1.005,
      -1.005,
      -1.005,
      -1.005,
      -1.249327918291092,
      -1.005,
      -1.005,
      -1.0500575637817382,
      -1.005,
      -1.005,
      -1.2438211643695831,
      -1.005,
      -1.005,
      3.8833014126372185,
      -1.005,
      -1.005,
      -1.0536405479907989,
      3.5707901875584453,
      -1.005,
      -1.005,
      -1.005,
      -1.005,
      -1.005,
      -1.1036070013046264,
      -1.005,
      -1.2399529719352722,
      -1.0242693758010863,
      -1.005,
      -1.005,
      -1.005,
      -1.2792118394374847,
      -1.005,
      -1.0185472404956817,
      -1.005,
      -1.005,
      2.831973765422159,
      3.949329264292907,
      -1.005,
      -0.9850440359115601,
      -1.005,
      -1.005,
      -1.005,
      -1.0322783625125884,
      -1.005,
      -1.2422442042827606,
      -1.005,
      -1.0373429989814758,
      -1.005,
      -1.005,
      -1.005,
      -1.005,
      -1.0597536599636077,
      -1.005,
      -1.005,
      3.724144168845698,
      -1.005,
      -1.005,
      -1.005,
      1.2106107879684604,
      -1.005,
      -1.1039842987060546,
      -1.281840136051178,
      -1.005,
      -1.005,
      -1.005,
      -1.005,
      -1.005,
      -1.005,
      -1.005,
      -1.005,
      -1.005,
      -1.005,
      1.256885415183783,
      -1.005,
      0.5213968610142953,
      -1.005,
      -1.2446005249023437,
      -1.005,
      -1.005,
      -1.181421091556549,
      -1.005,
      -1.2174536192417145,
      -1.005,
      -1.005,
      -1.005,
      -1.005
    ],
    "hub_score_improvements": [
      0.0,
      0.0,
      0.0,
      0.0,
      0.0,
      0.0,
      0.0,
      0.0,
      0.0,
      0.0,
      0.006353670435631065,
      0.0,
      0.0,
      0.0,
      0.0,
      0.0,
      0.0,
      0.0,
      0.0005520947294322398,
      0.0,
      0.0,
      0.003604042409148467,
      0.0,
      0.0,
      0.007712526441705059,
      0.0,
      0.0,
      -0.02007619663349422,
      0.0,
      0.0,
      0.007364425556645293,
      -0.0005877491843682692,
      0.0,
      0.0,
      0.0,
      0.0,
      0.0,
      0.00940536735991282,
      0.0,
      0.0030016523118707172,
      0.0025964314024619073,
      0.0,
      0.0,
      0.0,
      0.006046177486479731,
      0.0,
      0.003604042409148467,
      0.0,
      0.0,
      -0.02545245577859223,
      -0.014224406391620453,
      0.0,
      0.0,
      0.0,
      0.0,
      0.0,
      0.002445068743411216,
      0.0,
      0.014753849521461193,
      0.0,
      0.006353670435631065,
      0.0,
      0.0,
      0.0,
      0.0,
      0.003416583416583352,
      0.0,
      0.0,
      -0.002096812465395892,
      0.0,
      0.0,
      0.0,
      0.017802840434419376,
      0.0,
      0.00557945537527571,
      0.01703813459103748,
      0.0,
      0.0,
      0.0,
      0.0,
      0.0,
      0.0,
      0.0,
      0.0,
      0.0,
      0.0,
      0.0043037195241262816,
      0.0,
      0.002382851642309586,
      0.0,
      0.004993997256913019,
      0.0,
      0.0,
      0.0022779523456344375,
      0.0,
      0.0012300189677378337,
      0.0,
      0.0,
      0.0,
      0.0
    ],
    "initial_hub_scores": [
      0.2097186700767264,
      0.08950617283950613,
      0.2374434389140271,
      0.17181467181467183,
      0.20952380952380947,
      0.18750000000000003,
      0.08950617283950613,
      0.21926364234056547,
      0.20714285714285713,
      0.24188790560471973,
      0.22616541353383462,
      0.23140495867768604,
      0.20891514500537064,
      0.20634920634920634,
      0.24188790560471973,
      0.17181467181467183,
      0.21926364234056547,
      0.17559523809523814,
      0.24337959131707937,
      0.17559523809523814,
      0.21926364234056547,
      0.20226290363590133,
      0.2374434389140271,
      0.02777777777777779,
      0.24337959131707937,
      0.21985815602836872,
      0.08950617283950613,
      0.25504514073287315,
      0.20952380952380956,
      0.17559523809523814,
      0.20226290363590133,
      0.25504514073287315,
      0.2608225108225109,
      0.23140495867768604,
      0.20714285714285713,
      0.2374434389140271,
      0.23140495867768604,
      0.19255744255744262,
      0.17559523809523814,
      0.24337959131707937,
      0.20226290363590133,
      0.2374434389140271,
      0.17559523809523814,
      0.1684782608695652,
      0.235593444356331,
      0.02777777777777779,
      0.20226290363590133,
      0.17559523809523814,
      0.16279069767441856,
      0.25504514073287315,
      0.25504514073287315,
      0.20891514500537064,
      0.20226290363590133,
      0.05714285714285716,
      0.21926364234056547,
      0.17559523809523814,
      0.19255744255744262,
      0.21985815602836872,
      0.24337959131707937,
      0.08950617283950613,
      0.22616541353383462,
      0.21428571428571433,
      0.24074074074074073,
      0.171875,
      0.24074074074074073,
      0.19255744255744262,
      0.24188790560471973,
      0.23140495867768604,
      0.25504514073287315,
      0.22159090909090906,
      0.21926364234056547,
      0.18750000000000003,
      0.22616541353383462,
      0.16279069767441856,
      0.19268774703557318,
      0.235593444356331,
      0.2374434389140271,
      0.171875,
      0.20634920634920634,
      0.22807017543859645,
      0.17559523809523814,
      0.21926364234056547,
      0.023809523809523836,
      0.24074074074074073,
      0.2608225108225109,
      0.20952380952380947,
      0.24337959131707937,
      0.08950617283950613,
      0.20532774618377733,
      0.20891514500537064,
      0.24337959131707937,
      0.18750000000000003,
      0.02777777777777779,
      0.20532774618377733,
      0.02777777777777779,
      0.20532774618377733,
      0.20952380952380956,
      0.18750000000000003,
      0.02777777777777779,
      0.21428571428571433
    ],