{
  "summary": {
    "num_episodes": 100,
    "success_rate": 0.71,
    "avg_episode_reward": 2.5705674667423093,
    "std_episode_reward": 5.260321779438554,
    "avg_hub_improvement": 0.03708054368131878,
    "std_hub_improvement": 0.07354782563374569,
    "avg_episode_length": 11.04,
    "discriminator_improvement": -0.11269808411598214,
    "avg_discriminator_score_before": 0.698325228691101,
    "avg_discriminator_score_after": 0.8110233128070832
  },
  "detailed_metrics": {
    "episode_rewards": [
      0.8722114858759897,
      7.413465820802258,
      2.701236870944817,
      3.3122824789987844,
      19.50568497067406,
      3.3815894589327056,
      4.043688050678798,
      3.2231780321257464,
      -1.3036067390441894,
      3.9869470172836663,
      -1.3193207883834839,
      2.991809714068257,
      -1.4210146999359132,
      -1.3034532570838928,
      -1.358200957775116,
      7.60966813734013,
      4.022285492138965,
      -1.3695874118804932,
      -1.3592128658294678,
      3.4808096953645413,
      2.743216398175073,
      -1.330674660205841,
      8.215856018331316,
      2.838329993770237,
      8.277592386169955,
      -1.3734972977638245,
      1.2265786905794485,
      -1.330812087059021,
      -1.3765817785263061,
      -1.2764782810211182,
      -1.3768494629859924,
      -1.3507964348793031,
      0.8731964391415996,
      0.4111892896509185,
      16.25491416152961,
      1.2507603705488786,
      -1.3678281211853027,
      -1.3325803184509277,
      -1.3326396250724792,
      -1.407074067592621,
      -1.2508643007278444,
      -1.4215175247192384,
      8.657156769960398,
      8.74264375144785,
      -1.3337806367874145,
      -1.2668070197105408,
      2.588653959620511,
      -1.372661759853363,
      -1.283504536151886,
      -1.2481544947624208,
      0.7778271490051631,
      -1.3557356333732606,
      3.6624292750711795,
      -1.3622842931747436,
      0.7881146722748165,
      3.1350205844116443,
      -1.3783534669876099,
      0.5203221143952503,
      -1.3088766837120056,
      3.2162223574344466,
      0.7246627547531064,
      18.020184778372453,
      3.2422752602921987,
      3.7882876937376215,
      -1.3178275561332704,
      8.775369491975125,
      17.535668339388714,
      8.40677228659135,
      -1.255528678894043,
      15.688208059347595,
      -1.3713674879074098,
      0.8202946420346082,
      7.6197732809567995,
      -1.341875364780426,
      -1.3532221221923828,
      -1.2883319878578186,
      -1.3221319532394409,
      -1.286002926826477,
      15.82858646024479,
      7.412106688095705,
      -1.3348209762573242,
      8.275205654060276,
      -1.331851532459259,
      7.90289650752121,
      -1.354958941936493,
      -1.4099833703041078,
      -1.3492422008514404,
      3.5229341767326225,
      -1.3424662256240845,
      -1.3898571467399599,
      19.409612760367217,
      0.8323999661796146,
      8.766026640826222,
      3.5082908533109807,
      0.16060729075098645,
      9.184543407720236,
      -1.367551555633545,
      3.5453821347365158,
      2.59265722246731,
      1.0588879492937502
    ],
    "hub_score_improvements": [
      0.026881796766594523,
      -0.042440106443993264,
      -0.02077380952380964,
      0.0347497594969379,
      0.0,
      0.05104247104247109,
      0.01344916344916347,
      -0.019345238095238165,
      0.011988011988011915,
      0.016520416520416636,
      0.07332041343669254,
      -0.0036455295063616555,
      0.1722222222222222,
      0.052862683534952465,
      0.16049382716049393,
      -0.06016981490991416,
      0.037831286360698185,
      0.23192239858906527,
      0.0026375945138034096,
      0.004643306782344148,
      -0.0034904334005745885,
      0.1291318199920351,
      -0.08472222222222224,
      0.04297619047619042,
      0.013160258713618395,
      0.013492063492063638,
      0.015492277992278036,
      0.034281305114638394,
      0.0567523305618545,
      0.014393501430456146,
      0.08236882716049387,
      0.15740740740740738,
      0.0317567658226999,
      -0.000687736938428829,
      -0.0408622908622909,
      0.006498267128765639,
      0.16192239858906537,
      0.06051587301587302,
      0.005230261448100099,
      0.15457516339869284,
      0.04971340388007045,
      0.1472222222222222,
      0.012162794324029225,
      -0.04215542521994131,
      0.01786404717026721,
      0.21428571428571433,
      0.013210425937698611,
      0.1302740469407137,
      0.008043467016509265,
      0.0,
      0.05737967229902702,
      0.1722222222222222,
      0.13817239858906527,
      0.14858906525573196,
      0.032299498746867134,
      -0.005874439639095147,
      0.09567901234567905,
      0.017038517038516998,
      0.013546453546453563,
      -0.01000075705958059,
      0.00608031048324803,
      -0.09583333333333335,
      0.001998167688127883,
      -0.02295035232989004,
      0.15643274853801165,
      -0.058758960573476654,
      0.015625,
      -0.09311819402317142,
      0.012281291646677572,
      0.032670454545454586,
      0.14766081871345021,
      0.027909471182920642,
      0.006690279417552097,
      0.009424387414817992,
      0.02558804831532105,
      0.058322890559732554,
      0.13678693060876979,
      0.138593951093951,
      -0.1308255846717385,
      -0.04334189561462301,
      0.06764800514800512,
      -0.05591108452950552,
      0.036623327832118996,
      -0.013456240728968033,
      0.17206790123456794,
      0.15740740740740738,
      0.013478082257986496,
      -0.026455026455026398,
      0.061641999141999027,
      0.1722222222222222,
      0.009259259259259273,
      0.022112696423406852,
      -0.05969924812030078,
      -0.012541985195123534,
      -0.0001992078042187262,
      -0.0677109440267335,
      0.12577160493827166,
      -0.018200811763923186,
      -0.016414835164835218,
      0.005119594786027526
    ],