{
  "summary": {
    "num_episodes": 100,
    "success_rate": 0.79,
    "avg_episode_reward": 0.31800315562064957,
    "std_episode_reward": 2.5422869859986545,
    "avg_hub_improvement": 0.40376915918904105,
    "std_hub_improvement": 0.3124022972073155,
    "avg_episode_length": 11.8,
    "discriminator_improvement": -0.08834421813488014,
    "avg_discriminator_score_before": 0.7099563598632812,
    "avg_discriminator_score_after": 0.7983005779981613
  },
  "detailed_metrics": {
    "episode_rewards": [
      -0.8200000000000001,
      -0.8200000000000001,
      -0.022766946703198565,
      -1.017255069830203,
      -1.0161721726439237,
      -0.8200000000000001,
      0.10469329461455024,
      4.056478039026261,
      -1.1734591764211666,
      -3.6942759592831163,
      5.524051256179812,
      -0.8200000000000001,
      -1.0172727128050565,
      -0.015649079233410967,
      3.439516043663021,
      -0.8200000000000001,
      -2.9317811786276966,
      -3.964780035316947,
      5.524051256179812,
      0.9249912647579022,
      1.9200864928960748,
      -2.9273195325476795,
      -1.017255069830203,
      1.0172708424925783,
      -2.729254042307537,
      -1.9603858125209823,
      -0.8200000000000001,
      3.4414353132247886,
      3.4395159244537314,
      3.991526594161984,
      1.9200866121053644,
      -2.931528931771007,
      -1.0174987336180448,
      -0.8200000000000001,
      -2.8266309452056904,
      5.524051256179812,
      -0.8200000000000001,
      -0.8200000000000001,
      -0.8200000000000001,
      1.0172708424925783,
      -3.613430912494662,
      5.524051256179812,
      -0.26830354251899213,
      -0.8200000000000001,
      -0.8200000000000001,
      -1.0172554274580716,
      1.9187286990880914,
      5.524051256179812,
      -0.8200000000000001,
      -1.0172729512236356,
      1.0172708424925783,
      0.10418367490172065,
      -3.6142638278007535,
      -0.26830354251899213,
      -2.4204409606967676,
      -0.8200000000000001,
      -0.8200000000000001,
      0.10418367490172065,
      4.0509374296665195,
      1.83022158199655,
      -1.9603858125209823,
      4.057349816560746,
      1.5904110960338422,
      -2.6635374200344106,
      1.2569492678020306,
      1.2570016006801434,
      -0.022766946703198565,
      -1.1743004363775265,
      -0.015649079233410967,
      5.524051256179812,
      -0.022766827493909014,
      -2.9273195325476795,
      2.5616689611736083,
      -1.0172729512236356,
      -0.8200000000000001,
      1.5904110960338422,
      -1.0172554274580716,
      -0.02626025572419466,
      -3.965127888023856,
      -0.8200000000000001,
      4.156122264862056,
      -0.8200000000000001,
      -0.8200000000000001,
      2.5616689611736083,
      0.1041840325295893,
      -1.0085613747618436,
      -0.22319897761711882,
      -2.8983973842859285,
      1.0172708424925783,
      5.524051256179812,
      -1.0162992497465848,
      4.056688562631607,
      5.524051256179812,
      -0.8200000000000001,
      1.9128175872564264,
      0.1041840325295893,
      -0.8200000000000001,
      5.524051256179812,
      4.049261585474015,
      -2.8288764905929584
    ],
    "hub_score_improvements": [
      0.0,
      0.0,
      0.5345675941556691,
      0.4249139659784056,
      0.4249139659784056,
      0.0,
      0.5345675941556691,
      0.5241898685693741,
      0.25179716497659677,
      0.17104972712695593,
      1.0,
      0.0,
      0.4249139659784056,
      0.5345675941556691,
      1.0,
      0.0,
      0.23359876764672144,
      0.17309735342860216,
      1.0,
      0.3270969872889312,
      0.7320530161261557,
      0.23359876764672144,
      0.4249139659784056,
      0.3199346266686916,
      0.2734647830327352,
      0.3597401243448258,
      0.0,
      1.0,
      1.0,
      1.0,
      0.7320530161261557,
      0.23359876764672144,
      0.4249139659784056,
      0.0,
      0.2623939752578735,
      1.0,
      0.0,
      0.0,
      0.0,
      0.3199346266686916,
      0.1694674670696258,
      1.0,
      0.5451131786918266,
      0.0,
      0.0,
      0.4249139659784056,
      0.7320530161261557,
      1.0,
      0.0,
      0.4249139659784056,
      0.3199346266686916,
      0.5345675941556691,
      0.1694674670696258,
      0.5451131786918266,
      0.30472748939480093,
      0.0,
      0.0,
      0.5345675941556691,
      0.5241898685693741,
      0.4062627049029937,
      0.3597401243448258,
      0.5241898685693741,
      0.3270969872889312,
      0.2686487513780594,
      0.3270969872889312,
      0.3270969872889312,
      0.5345675941556691,
      0.25179716497659677,
      0.5345675941556691,
      1.0,
      0.5345675941556691,
      0.23359876764672144,
      0.36240107322994025,
      0.4249139659784056,
      0.0,
      0.3270969872889312,
      0.4249139659784056,
      0.5345675941556691,
      0.17309735342860216,
      0.0,
      1.0,
      0.0,
      0.0,
      0.36240107322994025,
      0.5345675941556691,
      0.4249139659784056,
      0.5147261408659128,
      0.23693856567144395,
      0.3199346266686916,
      1.0,
      0.4249139659784056,
      0.5241898685693741,
      1.0,
      0.0,
      0.7320530161261557,
      0.5345675941556691,
      0.0,
      1.0,
      0.5241898685693741,
      0.2623939752578735
    ],
    "initial_hub_scores": [
      0.28032185405492777,
      0.28032185405492777,
      0.5345675941556691,
      0.4249139659784056,
      0.4249139659784056,
      0.5694555105907576,
      0.5345675941556691,
      0.5241898685693741,
      0.25179716497659677,
      0.17104972712695593,
      1.0,
      0.5694555105907576,
      0.4249139659784056,
      0.5345675941556691,
      1.0,
      0.3511780125498771,
      0.23359876764672144,
      0.17309735342860216,
      1.0,
      0.3270969872889312,
      0.7320530161261557,
      0.23359876764672144,
      0.4249139659784056,
      0.3199346266686916,
      0.2734647830327352,
      0.3597401243448258,
      0.5694555105907576,
      1.0,
      1.0,
      1.0,
      0.7320530161261557,
      0.23359876764672144,
      0.4249139659784056,
      0.28032185405492777,
      0.2623939752578735,
      1.0,
      0.28032185405492777,
      1.0,
      0.6350874248082222,
      0.3199346266686916,
      0.1694674670696258,
      1.0,
      0.5451131786918266,
      1.0,
      0.6350874248082222,
      0.4249139659784056,
      0.7320530161261557,
      1.0,
      0.6350874248082222,
      0.4249139659784056,
      0.3199346266686916,
      0.5345675941556691,
      0.1694674670696258,
      0.5451131786918266,
      0.30472748939480093,
      1.0,
      0.9281468885449262,
      0.5345675941556691,
      0.5241898685693741,
      0.4062627049029937,
      0.3597401243448258,
      0.5241898685693741,
      0.3270969872889312,
      0.2686487513780594,
      0.3270969872889312,
      0.3270969872889312,
      0.5345675941556691,
      0.25179716497659677,
      0.5345675941556691,
      1.0,
      0.5345675941556691,
      0.23359876764672144,
      0.36240107322994025,
      0.4249139659784056,
      1.0,
      0.3270969872889312,
      0.4249139659784056,
      0.5345675941556691,
      0.17309735342860216,
      0.1647474142638119,
      1.0,
      0.274431094952992,
      0.1647474142638119,
      0.36240107322994025,
      0.5345675941556691,
      0.4249139659784056,
      0.5147261408659128,
      0.23693856567144395,
      0.3199346266686916,
      1.0,
      0.4249139659784056,
      0.5241898685693741,
      1.0,
      0.6350874248082222,
      0.7320530161261557,
      0.5345675941556691,
      0.274431094952992,
      1.0,
      0.5241898685693741,
      0.2623939752578735
    ],