{
  "summary": {
    "num_episodes": 100,
    "success_rate": 1.0,
    "avg_episode_reward": 3.9835945258970726,
    "std_episode_reward": 1.0589683830275187,
    "avg_hub_improvement": 0.5036969366239643,
    "std_hub_improvement": 0.22561154905644742,
    "avg_episode_length": 1.66,
    "discriminator_improvement": -0.05178031444549558,
    "avg_discriminator_score_before": 0.7012014919519425,
    "avg_discriminator_score_after": 0.7529818063974381
  },
  "detailed_metrics": {
    "episode_rewards": [
      4.364559705066494,
      3.8026117171753535,
      4.018763968348503,
      3.445363554656505,
      4.3527061443775885,
      3.979370452463626,
      3.8026117171753535,
      3.2108877154333246,
      4.265573110030248,
      4.860305531290562,
      6.3086482822895045,
      2.6255246206186706,
      1.8494127276539798,
      3.8120928492058406,
      3.7967799987305293,
      6.314449363946914,
      5.336434189975261,
      4.860305531290562,
      4.3578729134052985,
      4.865433765915425,
      2.87286868336109,
      4.364559705066494,
      4.357340792939066,
      3.8025018062103877,
      5.333344553411006,
      2.7625827744603155,
      5.333344553411006,
      3.0918416187167166,
      4.357340763136744,
      2.9931397855281827,
      4.354910949990153,
      4.364559705066494,
      6.314449363946914,
      3.2057809682829035,
      3.7979729558933863,
      4.3527061443775885,
      3.094240854680538,
      3.694737729430198,
      4.354910949990153,
      2.8836929902434347,
      3.094240854680538,
      3.213341996286596,
      4.529923660627433,
      4.303236600756645,
      3.4940505079925055,
      4.861914111641438,
      3.69909384548664,
      4.3527061443775885,
      5.333344553411006,
      2.5351895511150357,
      3.8085385646332393,
      6.317169570922851,
      3.3089938357472413,
      2.503734467788176,
      3.8057741012085566,
      5.33511162251234,
      3.445363554656505,
      2.7614262655377386,
      1.8494127872586246,
      3.5562008272856467,
      2.5351895511150357,
      1.8494127276539798,
      3.0918416187167166,
      3.7979729856957087,
      3.802206256579269,
      3.334138676135437,
      6.3086482822895045,
      4.305209603905678,
      4.529923660627433,
      4.354910949990153,
      4.265573110030248,
      3.80250183601271,
      3.80250183601271,
      4.332566673681139,
      5.333344523608684,
      3.812092819403518,
      3.985436551272868,
      4.529923660627433,
      3.445363554656505,
      3.0918416187167166,
      3.802011468600143,
      3.4712800711393355,
      3.6297564769784607,
      3.44617167443037,
      5.333786909282207,
      6.3086482822895045,
      4.530769092908927,
      4.356686691567301,
      6.317169570922851,
      2.4742968462407586,
      4.332566673681139,
      3.44617167443037,
      3.7979729856957087,
      2.504038809104399,
      3.0678681126662664,
      1.8494127872586246,
      4.265573110030248,
      2.7619556739926336,
      4.018763968348503,
      6.3086482822895045
    ],
    "hub_score_improvements": [
      0.5451131786918266,
      0.4249139659784056,
      0.43694706261157984,
      0.3511780125498771,
      0.5345675941556691,
      0.9987119093537331,
      0.4249139659784056,
      0.30472748939480093,
      0.5147261408659128,
      0.6350874248082222,
      1.0,
      0.17388714997097843,
      0.7376191449761391,
      0.4249139659784056,
      0.4249139659784056,
      1.0,
      0.7320530161261557,
      0.6350874248082222,
      0.5345675941556691,
      0.6350874248082222,
      0.2391741542862011,
      0.5451131786918266,
      0.5345675941556691,
      0.4249139659784056,
      0.7320530161261557,
      0.21167512208223344,
      0.7320530161261557,
      0.28032185405492777,
      0.5345675941556691,
      0.2623939752578735,
      0.5345675941556691,
      0.5451131786918266,
      1.0,
      0.30472748939480093,
      0.4249139659784056,
      0.5345675941556691,
      0.28032185405492777,
      0.4029436737298964,
      0.5345675941556691,
      0.23693856567144395,
      0.28032185405492777,
      0.30472748939480093,
      0.5694555105907576,
      0.5241898685693741,
      0.3199346266686916,
      0.6350874248082222,
      0.4029436737298964,
      0.5345675941556691,
      0.7320530161261557,
      0.17021312117576592,
      0.4249139659784056,
      1.0,
      0.3278368368744849,
      0.1647474142638119,
      0.4249139659784056,
      0.7320530161261557,
      0.3511780125498771,
      0.21167512208223344,
      0.7376191449761391,
      0.37197708152234543,
      0.17021312117576592,
      0.7376191449761391,
      0.28032185405492777,
      0.4249139659784056,
      0.4249139659784056,
      0.3270969872889312,
      1.0,
      0.5241898685693741,
      0.5694555105907576,
      0.5345675941556691,
      0.5147261408659128,
      0.4249139659784056,
      0.4249139659784056,
      0.5288625504821538,
      0.7320530161261557,
      0.4249139659784056,
      0.9986923143267632,
      0.5694555105907576,
      0.3511780125498771,
      0.28032185405492777,
      0.4249139659784056,
      0.3597401243448258,
      0.3513441150387128,
      0.3511780125498771,
      0.7320530161261557,
      1.0,
      0.5694555105907576,
      0.5345675941556691,
      1.0,
      0.17309735342860216,
      0.5288625504821538,
      0.3511780125498771,
      0.4249139659784056,
      0.1647474142638119,
      0.274431094952992,
      0.7376191449761391,
      0.5147261408659128,
      0.21167512208223344,
      0.43694706261157984,
      1.0
    ],