{
  "summary": {
    "num_episodes": 100,
    "success_rate": 1.0,
    "avg_episode_reward": 4.086819209684501,
    "std_episode_reward": 1.1111099990727096,
    "avg_hub_improvement": 0.49756384193690045,
    "std_hub_improvement": 0.23629953806937481,
    "avg_episode_length": 1.4,
    "discriminator_improvement": -0.053276734352111776,
    "avg_discriminator_smell_prob_before": 0.7069358950853348,
    "avg_discriminator_smell_prob_after": 0.7602126294374466
  },
  "detailed_metrics": {
    "episode_rewards": [
      4.320949342846871,
      4.875437124041111,
      4.273630704329564,
      3.8245698298920283,
      3.8245698298920283,
      4.273630704329564,
      2.6718928759917615,
      2.5237370713190597,
      2.843759751319885,
      3.512005366149701,
      4.875437124041111,
      4.273630704329564,
      4.547277552953788,
      4.875437124041111,
      3.4996731333434576,
      4.875437124041111,
      3.8245698298920283,
      3.9313135245149686,
      3.8245698298920283,
      4.084735313057899,
      4.372837970778345,
      5.3602650806307786,
      4.273630704329564,
      6.3999999999999995,
      4.875437124041111,
      3.8245698298920283,
      3.101609270274639,
      3.8245698298920283,
      2.8958707714310057,
      6.3999999999999995,
      2.565486767143011,
      6.4,
      3.4558900627493854,
      2.8846928283572195,
      3.0119698762893674,
      3.8245698298920283,
      3.058985824882984,
      3.058985824882984,
      3.2236374469740046,
      6.3999999999999995,
      3.2236374469740046,
      5.3602650806307786,
      2.867993838233607,
      4.875437124041111,
      4.372837970778345,
      2.758375610411167,
      4.875437124041111,
      4.425565893459133,
      6.31675203042926,
      5.3602650806307786,
      6.3168043335050506,
      3.4558900627493854,
      4.273630704329564,
      4.344312752410769,
      3.8245698298920283,
      2.547337335348129,
      4.372837970778345,
      3.8245698298920283,
      3.101609270274639,
      3.4558900627493854,
      5.3602650806307786,
      2.565486767143011,
      4.320949342846871,
      3.0119698762893674,
      1.9928228631615639,
      3.9313135245149686,
      3.8245698298920283,
      6.4,
      6.3999999999999995,
      4.875437124041111,
      3.4996731333434576,
      5.3602650806307786,
      2.758375610411167,
      4.372837970778345,
      3.335484936444656,
      2.758375610411167,
      3.4558900627493854,
      3.4996731333434576,
      3.559885407611727,
      3.101609270274639,
      3.3006643511354916,
      4.875437124041111,
      3.335484936444656,
      4.547277552953788,
      2.867993838233607,
      4.206637553697878,
      4.273630704329564,
      4.372837970778345,
      3.0119698762893674,
      4.320949342846871,
      4.372837970778345,
      6.4,
      3.058985824882984,
      3.4996731333434576,
      3.8245698298920283,
      6.3999999999999995,
      4.425565893459133,
      1.9944928735494614,
      6.4,
      4.084735313057899
    ],
    "hub_score_improvements": [
      0.5241898685693741,
      0.6350874248082222,
      0.5147261408659128,
      0.4249139659784056,
      0.4249139659784056,
      0.5147261408659128,
      0.17437857519835226,
      0.1647474142638119,
      0.22875195026397704,
      0.36240107322994025,
      0.6350874248082222,
      0.5147261408659128,
      0.5694555105907576,
      0.6350874248082222,
      0.3199346266686916,
      0.6350874248082222,
      0.4249139659784056,
      0.4062627049029937,
      0.4249139659784056,
      0.43694706261157984,
      0.5345675941556691,
      0.7320530161261557,
      0.5147261408659128,
      1.0,
      0.6350874248082222,
      0.4249139659784056,
      0.28032185405492777,
      0.4249139659784056,
      0.2391741542862011,
      1.0,
      0.17309735342860216,
      1.0,
      0.3511780125498771,
      0.23693856567144395,
      0.2623939752578735,
      0.4249139659784056,
      0.25179716497659677,
      0.25179716497659677,
      0.30472748939480093,
      1.0,
      0.30472748939480093,
      0.7320530161261557,
      0.23359876764672144,
      0.6350874248082222,
      0.5345675941556691,
      0.21167512208223344,
      0.6350874248082222,
      0.5451131786918266,
      0.9233504060858521,
      0.7320530161261557,
      0.9233608667010101,
      0.3511780125498771,
      0.5147261408659128,
      0.5288625504821538,
      0.4249139659784056,
      0.1694674670696258,
      0.5345675941556691,
      0.4249139659784056,
      0.28032185405492777,
      0.3511780125498771,
      0.7320530161261557,
      0.17309735342860216,
      0.5241898685693741,
      0.2623939752578735,
      0.7585645726323128,
      0.4062627049029937,
      0.4249139659784056,
      1.0,
      1.0,
      0.6350874248082222,
      0.3199346266686916,
      0.7320530161261557,
      0.21167512208223344,
      0.5345675941556691,
      0.3270969872889312,
      0.21167512208223344,
      0.3511780125498771,
      0.3199346266686916,
      0.37197708152234543,
      0.28032185405492777,
      0.32013287022709835,
      0.6350874248082222,
      0.3270969872889312,
      0.5694555105907576,
      0.23359876764672144,
      0.9813275107395757,
      0.5147261408659128,
      0.5345675941556691,
      0.2623939752578735,
      0.5241898685693741,
      0.5345675941556691,
      1.0,
      0.25179716497659677,
      0.3199346266686916,
      0.4249139659784056,
      1.0,
      0.5451131786918266,
      0.7588985747098923,
      1.0,
      0.43694706261157984
    ],