{
  "summary": {
    "num_episodes": 100,
    "success_rate": 1.0,
    "avg_episode_reward": 3.4026386166755764,
    "std_episode_reward": 1.177905042985263,
    "avg_hub_improvement": 0.4418224393118303,
    "std_hub_improvement": 0.20546096426927932,
    "avg_episode_length": 2.27,
    "discriminator_improvement": -0.036947159767150795,
    "avg_discriminator_score_before": 0.6968453204631806,
    "avg_discriminator_score_after": 0.7337924802303314
  },
  "detailed_metrics": {
    "episode_rewards": [
      3.291578829586505,
      4.352245530411601,
      3.08596961826086,
      3.9862520104646673,
      6.178249663148806,
      3.545608317777514,
      4.2491190797549026,
      3.7835824682224874,
      4.297555990815162,
      2.841137600500867,
      4.84455000784734,
      4.342665931507945,
      3.4772979478538035,
      3.4310572883486747,
      4.356157606649211,
      3.7851072146404867,
      2.1277105500176536,
      3.1967102547628534,
      5.319350228011607,
      3.9862520104646673,
      2.849313365859645,
      2.532571308612823,
      4.356157606649211,
      3.7887731387127523,
      4.347226610705256,
      2.849313365859645,
      3.0430796507000917,
      2.521657519340515,
      2.1277105500176536,
      -0.822484822335996,
      3.4772979478538035,
      3.1967102547628534,
      5.319350228011607,
      4.356157606649211,
      3.791138042401183,
      2.4885986040532586,
      2.8430826192691776,
      -0.8279046130807775,
      3.7835824682224874,
      4.348527094647288,
      2.9777649271488187,
      3.277783479839563,
      5.321131602227687,
      3.4310572883486747,
      3.2777543629705903,
      2.6071163328550755,
      4.296168096661567,
      2.751794702112675,
      4.297556020617485,
      5.329048469960688,
      3.6853466111421582,
      2.1277105500176536,
      -0.822484822335996,
      4.2491190797549026,
      4.2491190797549026,
      3.314874823300735,
      4.802048596548847,
      2.4617950807511804,
      4.250363118098332,
      2.7501960757374766,
      3.0814579042792314,
      2.60888392265886,
      4.24608001773174,
      2.4617950807511804,
      1.3782316778887462,
      3.4306576988101005,
      2.8641648504137995,
      3.548175936862826,
      2.863212070167065,
      3.0420647922158235,
      2.60888392265886,
      5.329048469960688,
      4.347226610705256,
      2.8430826192691776,
      3.47881488806323,
      2.532571308612823,
      3.7851072742451315,
      4.2995643991231915,
      3.790661115836013,
      2.751794612705708,
      1.3741428737629604,
      3.791138042401183,
      4.516954713932106,
      2.751843428909779,
      4.300398268103599,
      3.548175936862826,
      3.08596961826086,
      4.35250388674438,
      4.337476274296641,
      1.6957452303171145,
      2.1277105500176536,
      4.5120157836590495,
      4.346112212464213,
      3.7851072742451315,
      3.3106570794271386,
      2.1277105500176536,
      2.849313365859645,
      4.346112182661891,
      3.792417694519866,
      2.537597356662154
    ],
    "hub_score_improvements": [
      0.3278368368744849,
      0.5345675941556691,
      0.28032185405492777,
      0.43694706261157984,
      0.9847200532028052,
      0.37197708152234543,
      0.5147261408659128,
      0.4249139659784056,
      0.5241898685693741,
      0.9072014764466855,
      0.6350874248082222,
      0.5345675941556691,
      0.3199346266686916,
      0.3511780125498771,
      0.5451131786918266,
      0.4249139659784056,
      0.723083701170981,
      0.30472748939480093,
      0.7320530161261557,
      0.43694706261157984,
      0.23359876764672144,
      0.1694674670696258,
      0.5451131786918266,
      0.4249139659784056,
      0.5345675941556691,
      0.23359876764672144,
      0.25179716497659677,
      0.17021312117576592,
      0.723083701170981,
      0.15951991771396845,
      0.3199346266686916,
      0.30472748939480093,
      0.7320530161261557,
      0.5451131786918266,
      0.4249139659784056,
      0.17309735342860216,
      0.9072014764466855,
      0.15995246862110346,
      0.4249139659784056,
      0.5345675941556691,
      0.2623939752578735,
      0.32013287022709835,
      0.7320530161261557,
      0.3511780125498771,
      0.32013287022709835,
      0.17388714997097843,
      0.5241898685693741,
      0.21167512208223344,
      0.5241898685693741,
      0.7320530161261557,
      0.4029436737298964,
      0.723083701170981,
      0.15951991771396845,
      0.5147261408659128,
      0.5147261408659128,
      0.3270969872889312,
      0.5876200672006233,
      0.17309735342860216,
      0.5147261408659128,
      0.21167512208223344,
      0.28032185405492777,
      0.17437857519835226,
      0.5147261408659128,
      0.17309735342860216,
      0.8780685193298093,
      0.3511780125498771,
      0.23693856567144395,
      0.37197708152234543,
      0.23693856567144395,
      0.25179716497659677,
      0.17437857519835226,
      0.7320530161261557,
      0.5345675941556691,
      0.9072014764466855,
      0.36240107322994025,
      0.1694674670696258,
      0.4249139659784056,
      0.5241898685693741,
      0.4249139659784056,
      0.21167512208223344,
      0.8780702925679914,
      0.4249139659784056,
      0.5694555105907576,
      0.21167512208223344,
      0.5241898685693741,
      0.37197708152234543,
      0.28032185405492777,
      0.5345675941556691,
      0.5345675941556691,
      0.6825317710638046,
      0.723083701170981,
      0.5694555105907576,
      0.5345675941556691,
      0.4249139659784056,
      0.3270969872889312,
      0.723083701170981,
      0.23359876764672144,
      0.5345675941556691,
      0.4249139659784056,
      0.17104972712695593
    ],