{
  "summary": {
    "num_episodes": 100,
    "success_rate": 1.0,
    "avg_episode_reward": 3.574617414705951,
    "std_episode_reward": 1.1457812418927396,
    "avg_hub_improvement": 0.44845635888914237,
    "std_hub_improvement": 0.1899737353083446,
    "avg_episode_length": 1.83,
    "discriminator_improvement": -0.03852875947952272,
    "avg_discriminator_score_before": 0.716753191947937,
    "avg_discriminator_score_after": 0.7552819514274597
  },
  "detailed_metrics": {
    "episode_rewards": [
      -0.14967614969140625,
      5.317401185929774,
      2.5294579195976254,
      2.616118948832153,
      4.510915213695594,
      4.246580607340886,
      3.7797488464821463,
      3.4767923514544963,
      3.4267569622397422,
      3.898089697629745,
      3.6814804154634473,
      3.07370480030775,
      5.9805512669224,
      5.317401185929774,
      -0.1496762390983734,
      2.974291645288467,
      3.784618784378875,
      4.33378856472671,
      3.5393829106539485,
      3.778678317259658,
      2.8623930427432063,
      4.343103116559795,
      2.516049288511276,
      3.0502810576983856,
      4.288419731259346,
      4.287022449374199,
      3.076759001910686,
      3.427443250119686,
      2.4785456250607965,
      1.7499617449490414,
      4.3366430311650035,
      4.338478258177638,
      3.033136698404948,
      3.7797488762844687,
      4.246580607340886,
      3.2754441167414186,
      2.855239934944189,
      3.898089697629745,
      3.1908603270990503,
      4.516610914341041,
      3.315922881572143,
      2.484225401444868,
      2.210261837244033,
      3.78935362834822,
      3.4268150767683982,
      2.602549872007221,
      4.510915213695594,
      4.3431030867574725,
      4.342807939574122,
      4.343103116559795,
      -0.14967617949372863,
      3.312864358632461,
      1.7482523209897862,
      2.744060164988041,
      5.315149739682673,
      2.59667888816446,
      1.7599940932838307,
      -0.1522741373432312,
      4.34184907965362,
      4.510915213695594,
      3.78935362834822,
      3.9768208271265024,
      3.073948404490947,
      2.484225401444868,
      4.3366430311650035,
      5.317401185929774,
      4.342807939574122,
      3.076759001910686,
      3.7786782874573355,
      4.516610914341041,
      3.3102560295747674,
      3.315922881572143,
      3.898089697629745,
      4.336643001362681,
      3.7846187545765524,
      4.343103116559795,
      3.7827570929039602,
      4.34108956746757,
      3.427690698802471,
      3.4268150767683982,
      4.8438709321294136,
      5.315149739682673,
      4.516610914341041,
      4.246580607340886,
      3.2882241609692566,
      4.842011863258869,
      4.338478258177638,
      2.484393069310621,
      4.246580607340886,
      3.0502810576983856,
      2.59667888816446,
      3.794333149384368,
      3.783660609911788,
      3.0384436610341066,
      4.288419731259346,
      5.973489874853537,
      3.78405742783438,
      3.7827570929039602,
      4.246580607340886,
      3.4268150767683982
    ],
    "hub_score_improvements": [
      0.2951856196710938,
      0.7320530161261557,
      0.1694674670696258,
      0.8232510436326266,
      0.5694555105907576,
      0.5147261408659128,
      0.4249139659784056,
      0.3199346266686916,
      0.3511780125498771,
      0.4062627049029937,
      0.4029436737298964,
      0.28032185405492777,
      0.9281468885449262,
      0.7320530161261557,
      0.2951856196710938,
      0.2623939752578735,
      0.4249139659784056,
      0.5345675941556691,
      0.37197708152234543,
      0.4249139659784056,
      0.23693856567144395,
      0.5451131786918266,
      0.17021312117576592,
      0.274431094952992,
      0.5241898685693741,
      0.5241898685693741,
      0.28032185405492777,
      0.3511780125498771,
      0.17309735342860216,
      0.9529477499335646,
      0.5345675941556691,
      0.5345675941556691,
      0.2734647830327352,
      0.4249139659784056,
      0.5147261408659128,
      0.32013287022709835,
      0.2391741542862011,
      0.4062627049029937,
      0.30472748939480093,
      0.5694555105907576,
      0.3270969872889312,
      0.1647474142638119,
      0.7887442886829377,
      0.4249139659784056,
      0.3511780125498771,
      0.17388714997097843,
      0.5694555105907576,
      0.5451131786918266,
      0.5345675941556691,
      0.5451131786918266,
      0.2951856196710938,
      0.3270969872889312,
      0.9529524959534048,
      0.21167512208223344,
      0.7320530161261557,
      0.17437857519835226,
      0.9529352255075811,
      0.295569294769513,
      0.5345675941556691,
      0.5694555105907576,
      0.4249139659784056,
      0.43694706261157984,
      0.28032185405492777,
      0.1647474142638119,
      0.5345675941556691,
      0.7320530161261557,
      0.5345675941556691,
      0.28032185405492777,
      0.4249139659784056,
      0.5694555105907576,
      0.3270969872889312,
      0.3270969872889312,
      0.4062627049029937,
      0.5345675941556691,
      0.4249139659784056,
      0.5451131786918266,
      0.4249139659784056,
      0.5345675941556691,
      0.3511780125498771,
      0.3511780125498771,
      0.6350874248082222,
      0.7320530161261557,
      0.5694555105907576,
      0.5147261408659128,
      0.3278368368744849,
      0.6350874248082222,
      0.5345675941556691,
      0.1647474142638119,
      0.5147261408659128,
      0.274431094952992,
      0.17437857519835226,
      0.4249139659784056,
      0.4249139659784056,
      0.25179716497659677,
      0.5241898685693741,
      0.9281468885449262,
      0.4249139659784056,
      0.4249139659784056,
      0.5147261408659128,
      0.3511780125498771
    ],