{
  "summary": {
    "num_episodes": 100,
    "success_rate": 1.0,
    "avg_episode_reward": -0.5913679598796273,
    "std_episode_reward": 1.33426494424754,
    "avg_hub_improvement": 0.48446197738194663,
    "std_hub_improvement": 0.24266070441700788,
    "avg_episode_length": 10.0,
    "discriminator_improvement": -0.12735569357872012,
    "avg_discriminator_score_before": 0.7111020243167877,
    "avg_discriminator_score_after": 0.8384577178955078
  },
  "detailed_metrics": {
    "episode_rewards": [
      1.7925825595855704,
      -0.7050519865292777,
      1.403838929190084,
      -1.4427995550005068,
      -0.06248072836062346,
      -1.5003941562771805,
      -2.4262991504235716,
      -0.5917680997401484,
      -1.4466060268251528,
      2.685572373867034,
      2.685572373867034,
      -1.1268658791076063,
      0.8531970709562289,
      -1.910227270921072,
      -2.063355473257029,
      1.7477885365486137,
      2.685572373867034,
      -0.9768260762095454,
      0.3833589956164336,
      -0.591768069937826,
      -2.3938721239566814,
      -2.0782222867012035,
      -0.38861165536301545,
      -1.1292967949401258,
      -1.85681445747614,
      -0.5941576797515162,
      -0.591768069937826,
      0.8531970709562289,
      -0.5673882205039271,
      -0.7034494560498465,
      1.7472757279872886,
      1.7472757279872886,
      -0.5941576797515162,
      0.8531970709562289,
      -0.594157739356161,
      -2.041446669399739,
      -0.5957997877150782,
      -2.063355473257029,
      -1.1292967949401258,
      -0.38861165536301545,
      -0.3881183971251767,
      -1.8752311417034702,
      -2.414931905269624,
      -2.4254571156068296,
      -1.1292967949401258,
      -0.5957997877150782,
      0.3449342541396614,
      2.685572373867034,
      -1.5956809315992442,
      0.38339565247297047,
      -1.5947815869165507,
      0.8531970709562289,
      -0.5671231288462886,
      -0.7046834510106315,
      -1.5002202001214036,
      -1.1288940761577009,
      -2.0408700242638593,
      -2.4989835776388656,
      1.4049366977352347,
      -0.6362622648477563,
      -0.7050519865292777,
      -1.85478369742632,
      -0.7050519865292777,
      -0.5661503512412318,
      -0.5941576797515162,
      1.7858753681182853,
      -2.3938285529613506,
      0.3449342541396614,
      -2.1779835805296903,
      -1.5002202001214036,
      1.4047009315628256,
      -2.4744873203337203,
      -1.5946267042471018,
      -1.4448279494419698,
      -1.1236345623027204,
      -0.6168979396345111,
      0.3449342541396614,
      -0.591768069937826,
      0.3824248716235137,
      2.685572373867034,
      -1.5956809315992442,
      -1.1285979304801343,
      -0.5917680997401484,
      -0.6168979396345111,
      -0.06248072836062346,
      -2.176905749738217,
      -1.85681445747614,
      -0.5647815603762874,
      -1.128752872754228,
      -1.1292967949401258,
      0.3449342541396614,
      -2.041050656139851,
      -1.4448279494419698,
      -0.6168979396345111,
      -0.9768260762095454,
      -1.1236345623027204,
      -0.5946341145783671,
      -2.176905749738217,
      1.4044055011409964,
      -1.1236345623027204
    ],
    "hub_score_improvements": [
      1.0,
      0.5147261408659128,
      0.9281468885449262,
      0.36240107322994025,
      0.6350874248082222,
      0.3511780125498771,
      0.1647474142638119,
      0.5345675941556691,
      0.36240107322994025,
      1.0,
      1.0,
      0.4249139659784056,
      0.43694706261157984,
      0.2734647830327352,
      0.2391741542862011,
      1.0,
      1.0,
      0.25179716497659677,
      0.7320530161261557,
      0.5345675941556691,
      0.1694674670696258,
      0.23982878327369683,
      0.5694555105907576,
      0.4249139659784056,
      0.28032185405492777,
      0.5345675941556691,
      0.5345675941556691,
      0.43694706261157984,
      0.5345675941556691,
      0.5147261408659128,
      1.0,
      1.0,
      0.5345675941556691,
      0.43694706261157984,
      0.5345675941556691,
      0.23693856567144395,
      0.5345675941556691,
      0.2391741542862011,
      0.4249139659784056,
      0.5694555105907576,
      0.5694555105907576,
      0.274431094952992,
      0.17021312117576592,
      0.1647474142638119,
      0.4249139659784056,
      0.5345675941556691,
      0.3199346266686916,
      1.0,
      0.3270969872889312,
      0.7320530161261557,
      0.3270969872889312,
      0.43694706261157984,
      0.5345675941556691,
      0.5147261408659128,
      0.3511780125498771,
      0.4249139659784056,
      0.23693856567144395,
      0.17309735342860216,
      0.9281468885449262,
      0.5241898685693741,
      0.5147261408659128,
      0.28032185405492777,
      0.5147261408659128,
      0.5345675941556691,
      0.5345675941556691,
      1.0,
      0.1694674670696258,
      0.3199346266686916,
      0.21167512208223344,
      0.3511780125498771,
      0.9281468885449262,
      0.17309735342860216,
      0.3270969872889312,
      0.17437857519835226,
      0.4249139659784056,
      0.5451131786918266,
      0.3199346266686916,
      0.5345675941556691,
      0.7320530161261557,
      1.0,
      0.3270969872889312,
      0.4249139659784056,
      0.5345675941556691,
      0.5451131786918266,
      0.6350874248082222,
      0.21167512208223344,
      0.28032185405492777,
      0.5345675941556691,
      0.4249139659784056,
      0.4249139659784056,
      0.3199346266686916,
      0.23693856567144395,
      0.17437857519835226,
      0.5451131786918266,
      0.25179716497659677,
      0.4249139659784056,
      0.5288625504821538,
      0.21167512208223344,
      0.9281468885449262,
      0.4249139659784056
    ],