{
  "pipeline_start": 1753997090.852414,
  "total_projects": 4,
  "successful_projects": 4,
  "failed_projects": 0,
  "project_details": [
    {
      "project": "antlr4-hl-23-24-25",
      "start_time": 1753997090.8618538,
      "success": true,
      "error": null,
      "smell_map_stats": {},
      "subgraph_stats": {
        "files_generated": 66,
        "project_specific_stats": "Generated 66 subgraphs"
      },
      "processing_time": 18.085889101028442
    },
    {
      "project": "commons-lang-hl-23-24-25",
      "start_time": 1753997108.947807,
      "success": true,
      "error": null,
      "smell_map_stats": {},
      "subgraph_stats": {
        "files_generated": 134,
        "project_specific_stats": "Generated 134 subgraphs"
      },
      "processing_time": 11.082897901535034
    },
    {
      "project": "db-jdo-hl-23-24-25",
      "start_time": 1753997120.0308821,
      "success": true,
      "error": null,
      "smell_map_stats": {},
      "subgraph_stats": {
        "files_generated": 13,
        "project_specific_stats": "Generated 13 subgraphs"
      },
      "processing_time": 12.247428178787231
    },
    {
      "project": "opennlp-hl-23-24-25",
      "start_time": 1753997132.278364,
      "success": true,
      "error": null,
      "smell_map_stats": {},
      "subgraph_stats": {
        "files_generated": 97,
        "project_specific_stats": "Generated 97 subgraphs"
      },
      "processing_time": 14.49628210067749
    }
  ],
  "dataset_stats": {
    "total_subgraphs": 310,
    "projects": [
      "db-jdo-hl-23-24-25",
      "antlr4-hl-23-24-25",
      "opennlp-hl-23-24-25",
      "commons-lang-hl-23-24-25"
    ],
    "components": [
      "1762",
      "4683",
      "202",
      "4004",
      "1766",
      "10387",
      "12",
      "1739",
      "1644",
      "863",
      "944",
      "3067",
      "1738",
      "1524",
      "1765",
      "10330",
      "4665",
      "1689",
      "3358",
      "1668",
      "4666",
      "3406",
      "4646",
      "7038",
      "1625",
      "1447",
      "1695",
      "512",
      "1295",
      "750",
      "1723",
      "953",
      "1438",
      "1797",
      "1601",
      "70",
      "265",
      "257",
      "864",
      "1826",
      "1623",
      "4005",
      "1634",
      "4699",
      "4663",
      "1469",
      "1296",
      "3370",
      "761",
      "1694",
      "1786",
      "158",
      "144",
      "128",
      "861",
      "6962",
      "10623",
      "1697",
      "6961",
      "872",
      "1669",
      "1719",
      "1705",
      "1699",
      "10385",
      "1787",
      "1610",
      "1643",
      "136",
      "276",
      "1774",
      "1622",
      "1754",
      "1698",
      "1478",
      "1493",
      "850",
      "7009",
      "10407",
      "249",
      "4672",
      "1763",
      "1722",
      "557",
      "565",
      "3066",
      "762",
      "7008",
      "935",
      "3369",
      "3349",
      "10617",
      "1691"
    ],
    "smelly_count": 200,
    "non_smelly_count": 110,
    "size_distribution": [
      66,
      7,
      24,
      23,
      9,
      9,
      47,
      10,
      21,
      9,
      7,
      43,
      24,
      18,
      12,
      6,
      7,
      47,
      11,
      8,
      20,
      12,
      7,
      14,
      43,
      21,
      25,
      12,
      9,
      16,
      12,
      9,
      21,
      26,
      11,
      9,
      6,
      10,
      21,
      6,
      18,
      40,
      11,
      11,
      14,
      13,
      12,
      8,
      24,
      9,
      7,
      12,
      21,
      9,
      66,
      40,
      4,
      9,
      21,
      15,
      21,
      7,
      9,
      21,
      10,
      12,
      14,
      12,
      12,
      21,
      14,
      21,
      11,
      26,
      12,
      66,
      66,
      43,
      21,
      26,
      10,
      21,
      7,
      7,
      14,
      14,
      66,
      14,
      47,
      66,
      12,
      16,
      11,
      14,
      4,
      7,
      11,
      21,
      9,
      12,
      12,
      16,
      11,
      14,
      4,
      21,
      26,
      14,
      9,
      66,
      9,
      43,
      18,
      9,
      23,
      66,
      6,
      21,
      43,
      10,
      12,
      11,
      24,
      9,
      12,
      15,
      40,
      66,
      66,
      4,
      21,
      16,
      47,
      4,
      12,
      14,
      47,
      5,
      7,
      20,
      26,
      47,
      15,
      11,
      10,
      16,
      18,
      7,
      11,
      5,
      5,
      9,
      26,
      24,
      21,
      8,
      5,
      12,
      43,
      5,
      12,
      4,
      5,
      12,
      25,
      9,
      6,
      7,
      7,
      9,
      16,
      7,
      21,
      18,
      9,
      7,
      4,
      21,
      10,
      3,
      43,
      26,
      43,
      21,
      5,
      43,
      15,
      8,
      18,
      26,
      9,
      6,
      11,
      13,
      14,
      47,
      9,
      23,
      4,
      3,
      9,
      12,
      14,
      12,
      16,
      11,
      23,
      9,
      23,
      8,
      66,
      23,
      43,
      21,
      9,
      18,
      4,
      18,
      5,
      20,
      66,
      9,
      20,
      9,
      21,
      24,
      18,
      9,
      10,
      9,
      47,
      11,
      21,
      4,
      9,
      12,
      14,
      47,
      12,
      40,
      26,
      9,
      12,
      7,
      21,
      14,
      11,
      18,
      9,
      21,
      18,
      12,
      4,
      15,
      20,
      20,
      9,
      21,
      25,
      7,
      11,
      9,
      14,
      47,
      12,
      12,
      21,
      23,
      8,
      18,
      24,
      9,
      26,
      21,
      43,
      9,
      26,
      9,
      7,
      26,
      4,
      22,
      47,
      12,
      11,
      4,
      20,
      23,
      12,
      24,
      10,
      23,
      12,
      9,
      8,
      9,
      21,
      66,
      15,
      40,
      12,
      14,
      47,
      5,
      12,
      7,
      40,
      43,
      66,
      11
    ],